mark,id,Urea,Sulfur,Vit D,P,Total,BW,BCS,MoPreg,Lact,Adj-BW,oct_BW,oct_BCS,oct_MoPreg,oct_Lact,oct_Adj-BW,lwc,wow_bw_Aug,wow_bw_Nov,trt
1,62934,192526,5806,16,419,198767,463,2,0,W,463,434,2,7,D,411,-52,454,453,4
2,17840,186027,14476,8,4222,204733,474,2,7,W,451,367,1,0,W,367,-84,424,411,4
3,47925,121081,1717,19,13485,136302,469,2.5,2,D,467,353,3,7,D,330,-137,511,566,4
4,72935,105797,26,10,227,106060,451,1.5,0,W,451,423,2,0,D,423,-28,529,506,4
5,51924,90923,751,27,11017,102718,558,3,6,D,543,546,3,8,D,511,-32,624,568,4
6,91032,87909,3134,11,3202,94256,465,2,0,W,465,460,2,3,D,456,-9,468,486,4
7,50847,83884,806,17,1295,86002,500,2.5,0,W,500,372,1,0,W,372,-128,437,450,4
8,48566,82829,852,198,3287,87166,318,1.5,0,W,318,311,1,0,D,311,-7,389,411,4
9,26974,80484,11690,1,4563,96738,512,3.5,0,W,512,386,1,0,W,386,-126,548,519,4
10,48502,79480,161,105,2711,82457,334,2,0,W,334,479,2,3,D,475,141,493,459,4
11,5437,78280,403,9,540,79232,375,2,0,W,375,419,3,4,D,413,38,376,394,4
12,48518,77886,2735,6,6829,87456,387,1.5,0,W,387,264,2,1,D,263,-124,NA,NA,4
13,12793,75935,2833,18,2238,81024,375,2,0,W,375,365,2,3,D,361,-14,NA,NA,4
14,17529,69231,330,30,3348,72939,386,2,0,W,386,364,2,4,D,358,-28,395,401,4
15,50042,65464,2966,336,2690,71456,476,2,3.5,D,471,464,3,8,D,429,-42,NA,NA,4
16,69878,62915,978,1,185,64079,648,3.5,6,D,633,506,3,0,W,506,-127,666,606,4
17,32726,61534,143,191,4417,66285,616,2,0,W,616,498,2,0,W,498,-118,573,606,4
18,60655,61439,1080,12,6195,68726,588,3.5,8,D,553,457,3,0,W,457,-96,638,578,4
19,48460,61282,1573,60,14,62929,497,3,8,D,462,401,2,0,W,401,-61,418,449,4
20,27769,60486,3828,2,19685,84001,453,2.5,0,W,453,399,2,0,W,399,-54,516,502,4
21,96340,59731,176,53,2979,62939,369,2,3,W,365,332,3,8,D,297,-68,432,493,4
22,15545,58086,125,462,167,58840,550,4,7,D,527,437,3,0,W,437,-90,NA,NA,4
23,51183,57555,5,19,342,57921,469,3.5,6,D,454,392,3,0,W,392,-62,NA,NA,4
24,34849,57464,12874,16,2230,72584,512,2,0,W,512,474,1,0,W,474,-38,583,570,4
25,562,56579,5184,6815,633,69211,514,4,5,D,504,516,5,9,D,465,-39,510,408,4
26,28235,56222,2491,20,10391,69124,393,2,4,W,387,387,1,7,D,364,-23,459,488,4
27,72065,56158,5,53,860,57076,459,2,3,W,455,433,2,8,D,398,-57,468,431,4
28,50248,56130,7,26,2132,58295,351,2,0,W,351,359,3,0,D,359,8,394,441,4
29,1662,53254,1231,28,2243,56756,487,4,7,D,464,357,1,0,W,357,-107,NA,NA,4
30,61490,52853,214,22,4560,57649,473,3,6,D,458,393,3,0,W,393,-65,547,459,4
31,66234,51453,225,87,39,51804,462,2.5,0,W,462,399,2,0,W,399,-63,447,484,4
32,48062,49141,464,68,7566,57239,394,2,2.5,W,391,349,3,7,D,326,-66,429,367,4
33,77241,48565,18966,3719,1285,72535,491,3.5,5,D,481,409,3,0,W,409,-72,440,412,4
34,77519,48532,63,10,138,48743,504,2,0,W,504,466,3,3,D,462,-42,562,516,4
35,52166,47161,172,116,195,47644,452,4,6,D,437,368,4,0,W,368,-69,510,463,4
36,66156,46544,686,76,3717,51023,452,3,8,D,417,372,2,0,W,372,-45,507,460,4
37,85213,46206,230,11,40,46487,460,3,3,D,456,434,3,8,D,399,-57,542,384,4
38,79587,45712,5175,23,3522,54432,486,3.5,7,D,463,370,2,0,W,370,-93,494,434,4
39,45059,45434,207,7,586,46234,434,2,0,W,434,416,3,3,D,412,-22,421,505,4
40,34571,44865,95,7,4347,49314,404,3.5,7,D,381,320,2,0,W,320,-61,337,284,4
41,55222,44202,24,13,984,45223,414,3,3,D,410,419,3,7,D,396,-15,422,432,4
42,17872,43154,13403,7187,670,64414,446,4,4,D,440,401,4,8,D,366,-74,NA,NA,4
43,77484,42111,16276,1148,1243,60778,566,3.5,9,D,515,429,3,0,W,429,-86,NA,NA,4
44,52374,40285,492,111,1282,42170,564,4,6,D,549,486,4,2,W,484,-65,508,462,4
45,33008,39866,73,137,2868,42944,436,4,7,D,413,343,2,0,W,343,-70,503,439,4
46,50122,38715,7551,10,386,46662,402,2,0,W,402,373,2,0,D,373,-29,NA,NA,4
47,50212,37217,471,8,871,38567,432,1.5,0,W,432,271,1,3,D,267,-165,368,366,4
48,40935,36885,853,45,22,37805,476,4,7,D,453,379,3,0,W,379,-74,526,456,4
49,49555,36520,347,1,1976,38844,458,1.5,0,W,458,435,2,2,D,433,-25,527,548,4
50,53257,36151,2551,52,17361,56115,506,4,3.5,D,501,497,5,8,D,462,-39,NA,NA,4
51,54844,33969,2,16,249,34236,492,2,0,W,492,441,3,3,D,437,-55,465,484,4
52,34490,32462,192,34,614,33302,360,2,0,W,360,343,2,1,D,342,-18,416,451,4
53,61910,31859,226,11,32,32128,454,3.5,9,D,403,334,3,0,W,334,-69,418,327,4
54,29264,31608,1195,28,20,32851,390,1.5,0,W,390,362,2,2,D,360,-30,373,353,4
55,90945,29876,6921,1,39041,75839,454,3,8,D,419,346,1,0,W,346,-73,NA,NA,4
56,79679,29413,1483,8,897,31801,508,2,0,W,508,493,5,9,D,442,-66,575,604,4
57,77190,29251,7645,3822,22,40740,360,1.5,0,W,360,361,2,4,D,355,-5,391,420,4
58,30300,27717,7018,5518,6,40259,400,2,0,W,400,394,2,3,D,390,-10,427,391,4
59,51123,27425,360,11,3974,31770,360,2,0,W,360,328,1,0,D,328,-32,394,420,4
60,82118,27423,969,108,3749,32249,433,2.5,0,W,433,380,2,0,W,380,-53,474,503,4
61,14872,27019,304,41,5805,33169,407,1.5,0,W,407,388,2,2,D,386,-21,470,483,4
62,32698,27012,89,96,2232,29429,452,3,6,D,437,400,2,0,W,400,-37,562,441,4
63,85082,25065,79,12,14,25170,376,1,0,W,376,345,1,2,D,343,-33,421,380,4
64,51771,24774,17,97,4003,28891,506,3,4,D,500,494,4,6,D,479,-21,NA,NA,4
65,86327,24689,113,6,4470,29278,500,2.5,7,D,477,451,3,0,D,451,-26,NA,NA,4
66,34507,24254,18,7,8,24287,441,3,6,D,426,404,1,0,W,404,-22,426,412,4
67,73124,23790,4911,530,15825,45056,532,2.5,0,W,532,408,1,0,W,408,-124,543,465,4
68,34025,23517,168,6,632,24323,369,2,0,D,369,334,2,2,D,332,-37,NA,NA,4
69,82791,23508,1558,91,3286,28443,442,2.5,0,W,442,392,2,0,W,392,-50,497,489,4
70,98319,22750,1355,46,142,24293,427,2,3,W,423,408,2,8,D,373,-50,485,524,4
71,53623,22094,136,9,468,22707,360,1.5,0,W,360,360,1,3,D,356,-4,409,449,4
72,34313,21962,1115,130,4550,27757,415,1.5,3,W,411,428,2,8,D,393,-18,483,522,4
73,36454,21422,4603,5,14673,40703,415,4,8,D,380,166,2,0,W,166,-214,470,451,4
74,50540,20922,694,189,6575,28380,451,2.5,7,D,428,410,3,2,D,408,-20,478,339,4
75,73688,20630,27398,11558,435,60021,562,2,0,W,562,536,3,3,D,532,-30,335,295,4
76,28285,20575,1149,63,3877,25664,457,2,3.5,W,452,385,3,7,D,362,-91,518,510,4
77,1619,19705,384,14,1887,21990,454,2,0,W,454,424,2,3,D,420,-34,460,445,4
78,40208,19589,2,5,109,19705,584,2.5,9,D,533,385,1,0,W,385,-148,579,546,4
79,14926,19477,119,3768,1380,24744,350,2,0,W,350,247,2,3,D,243,-107,405,332,4
80,98097,18612,18500,1381,727,39220,403,2,0,W,403,389,2,7,D,366,-37,411,527,4
81,52129,18089,943,28,19,19079,346,1.5,0,W,346,295,1,2,D,293,-53,NA,NA,4
82,33493,18006,81,2,912,19001,369,2.5,3.5,W,364,347,3,7,D,324,-41,434,355,4
83,62329,16084,188,7,650,16929,430,2,0,W,430,366,2,3,D,362,-68,476,457,4
84,28309,15559,46,2,10,15617,424,2.5,2.5,D,421,375,2,0,D,375,-46,457,474,4
85,50244,14566,3594,2185,3269,23614,518,3.5,2,D,516,469,4,6,D,454,-62,NA,NA,4
86,32868,14409,202,9,150,14770,477,3,4,W,471,324,1,0,W,324,-147,380,257,4
87,12680,13654,428,1673,1870,17625,506,1.5,0,W,506,491,2,0,D,491,-15,556,573,4
88,80561,12429,1486,205,646,14766,397,1.5,0,W,397,367,1,1,D,366,-31,458,497,4
89,94303,12326,4,1,41,12372,480,2,0,W,480,428,3,3,D,424,-56,454,463,4
90,50552,11428,796,42,884,13150,502,4,7,D,479,374,1,0,W,374,-105,491,366,4
91,55274,11379,14,8,93,11494,502,2.5,6,D,487,367,2,0,W,367,-120,605,562,4
92,15248,11353,28,4,1826,13211,374,1.5,0,W,374,365,1,0,D,365,-9,412,460,4
93,79671,10604,282,34,20,10940,361,1.5,0,W,361,344,2,0,D,344,-17,426,432,4
94,51443,10543,1747,2795,1515,16600,459,3,2.5,D,456,372,2,2,D,370,-86,400,357,4
95,90764,10429,490,27,2218,13164,500,3,7,D,477,354,1,0,W,354,-123,484,372,4
96,43157,10412,9,12,4,10437,360,2,0,W,360,350,1,2,D,348,-12,422,360,4
97,51740,9952,108,10,428,10498,426,2.5,0,W,426,407,3,2,D,405,-21,400,419,4
98,29474,9901,128,31,979,11039,443,1.5,0,W,443,420,3,3,D,416,-27,431,545,4
99,15469,9652,2071,6,4859,16588,536,4,7,D,513,412,2,0,W,412,-101,402,431,4
100,39894,9577,14147,262,6031,30017,384,1.5,2.5,W,381,394,3,8,D,359,-22,417,415,4
101,41594,9202,64,6,301,9573,435,2.5,6,W,420,339,1,0,W,339,-81,449,471,4
102,77775,8986,298,169,2889,12342,499,4,6,D,484,415,3,0,W,415,-69,556,496,4
103,72744,8786,8,4,2789,11587,500,4,7,D,477,443,2,0,W,443,-34,654,537,4
104,29294,8474,11555,1998,50,22077,431,2,3,W,427,439,3,8,D,404,-23,NA,NA,4
105,95327,8162,314,220,6443,15139,545,3.5,5,D,535,433,3,0,W,433,-102,565,441,4
106,50281,8013,3199,471,48,11731,497,4,6,D,482,376,2,7,W,353,-129,NA,NA,4
107,43719,7863,436,4,1291,9594,412,1.5,3,W,408,391,2,7,D,368,-41,413,526,4
108,52177,7817,83,787,1657,10344,430,1.5,0,W,430,379,1,0,W,379,-51,461,408,4
109,26361,6615,731,35,107,7488,361,1.5,0,W,361,380,2,3,D,376,15,429,462,4
110,50038,6601,184,25,187,6997,305,1.5,0,W,305,313,1,1,D,312,7,401,430,4
111,93193,5838,17,15,91,5961,334,1.5,0,W,334,319,1,0,D,319,-15,323,251,4
112,27646,5738,308,39,2,6087,480,3.5,7,D,457,405,2,0,W,405,-52,541,465,4
113,60800,5698,158,41,1004,6901,448,2,0,W,448,382,1,0,W,382,-66,500,444,4
114,12720,5468,1385,886,36,7775,488,3,0,W,488,480,4,6,D,465,-23,470,510,4
115,7247,4967,226,6,205,5404,431,2,2,W,429,438,2,7,D,415,-14,452,483,4
116,50911,4953,779,17,239,5988,449,2,0,W,449,425,2,4,D,419,-30,524,529,4
117,49962,4817,156,145,529,5647,500,3.5,4,D,494,403,4,8,D,368,-126,568,415,4
118,90997,4483,185,9,1251,5928,472,2,0,W,472,409,3,1,D,408,-64,403,507,4
119,85446,4368,2891,84,1206,8549,485,1.5,0,W,485,381,1,3,D,377,-108,493,401,4
120,51047,4091,1266,48,2162,7567,348,1.5,0,W,348,363,1,3,D,359,11,348,308,4
121,75369,4041,175,103,1042,5361,443,3,8,D,408,365,2,0,W,365,-43,425,419,4
122,32561,3849,189,5,117,4160,518,2,3,W,514,462,3,7,D,439,-76,552,597,4
123,77005,3318,360,1,30,3709,532,2.5,8,D,497,423,2,0,W,423,-74,NA,NA,4
124,18210,3257,131,19,399,3806,497,2.5,0,W,497,389,1,0,W,389,-108,397,408,4
125,34701,3132,24,36,1524,4716,373,2,0,W,373,327,2,3,D,323,-50,423,451,4
126,95453,2862,4022,34,4260,11178,432,2,0,W,432,220,2,3,D,216,-216,NA,NA,4
127,23329,2723,2401,528,213,5865,496,4,3.5,D,491,420,2,1,D,419,-72,530,436,4
128,40007,2711,186,5,1874,4776,441,3,0,W,441,385,2,0,W,385,-56,501,488,4
129,50623,2156,27,5,134,2322,359,2,0,W,359,336,2,2,D,334,-25,378,489,4
130,59207,2050,73,24,26,2173,502,3.5,7,D,479,390,4,0,D,390,-89,413,412,4
131,52838,1506,4,23,164,1697,502,3,5,D,492,408,2,0,W,408,-84,540,486,4
132,39693,1306,6,7,208,1527,473,3.5,8,D,438,345,1,0,W,345,-93,524,405,4
133,91801,1046,560,6,765,2377,467,2,3,W,463,426,2,7,D,403,-61,NA,NA,4
134,49577,561,18,20,507,1106,371,3,0,W,371,349,3,0,W,349,-22,421,604,4
1,33822,2673,11138,2,0,13813,484,2,0,W,484,412,2,3,D,408,-76,471,437,3
2,52538,60,3,5,0,68,296,2,0,W,296,298,2,2,D,296,0,NA,NA,3
3,47819,900,976,6,0,1882,385,2,0,W,385,368,2,0,D,368,-17,383,420,3
4,50282,2786,20477,12,0,23275,457,3.5,1.5,D,455,454,3,6,D,439,-17,NA,NA,3
5,74189,10556,9599,13,0,20168,606,4,7,D,583,430,2,0,W,430,-153,624,486,3
6,62280,1107,20,15,0,1142,420,4,5,W,410,265,3,8,D,230,-180,468,480,3
7,59301,425,48,15,0,488,396,2,0,W,396,387,2,1,D,386,-10,394,394,3
8,51625,1104,36,18,0,1158,394,1.5,0,W,394,387,2,3,D,383,-11,417,456,3
9,55412,38737,73,27,0,38837,494,3.5,8,D,459,478,4,8,D,443,-16,533,535,3
10,28365,807,527,29,0,1363,495,2,9,D,444,372,1,0,W,372,-72,411,389,3
11,91895,8937,521,34,0,9492,404,1.5,0,W,404,376,3,2,D,374,-30,479,478,3
12,43772,37009,3974,39,0,41022,357,2,5,W,347,291,3,7,D,268,-80,431,392,3
13,72808,3127,713,40,0,3880,362,2,4,W,356,396,2,8,D,361,5,409,492,3
14,15397,8109,34160,45,0,42314,536,3.5,8,D,501,437,3,0,W,437,-64,NA,NA,3
15,4835,12752,16579,64,0,29395,508,2,0,W,508,390,1,0,W,390,-118,411,408,3
16,15792,1656,12,67,0,1735,447,2,0,W,447,417,2,3,D,413,-34,429,517,3
17,32471,5396,1616,81,0,7093,530,2.5,7,D,507,388,1,0,W,388,-119,460,422,3
18,42550,5849,12462,208,0,18519,532,4,7,D,509,467,4,0,W,467,-42,532,496,3
19,43506,1834,6513,273,0,8620,401,2.5,9,D,350,299,1,0,W,299,-51,341,307,3
20,24660,8434,4014,298,0,12746,408,2,0,W,408,299,2,0,W,299,-109,378,338,3
21,23725,29673,26620,359,0,56652,552,3,6,D,537,448,2,0,W,448,-89,476,457,3
22,18161,3165,520,439,0,4124,421,4,7,D,398,356,3,0,W,356,-42,490,431,3
23,82147,2911,365,447,0,3723,469,4,6,D,454,369,3,0,W,369,-85,461,424,3
24,14907,8079,3754,484,0,12317,442,2,0,W,442,452,2,2,D,450,8,425,434,3
25,81899,995,2225,495,0,3715,419,2,2,D,417,439,3,5,D,429,12,NA,NA,3
26,48508,10870,9097,507,0,20474,407,2,0,W,407,298,1,0,W,298,-109,349,336,3
27,35359,7217,17119,540,0,24876,502,3,8,D,467,398,3,0,W,398,-69,442,447,3
28,33065,1049,1728,635,0,3412,418,2.5,7,D,395,351,1,0,W,351,-44,426,472,3
29,44825,7280,6708,748,0,14736,363,2,2,W,361,373,2,6,D,358,-3,376,383,3
30,58479,9111,21054,756,0,30921,369,2,2.5,W,366,367,2,0,D,367,1,388,386,3
31,39980,6388,5010,796,0,12194,412,1.5,3,W,408,400,1,8,D,365,-43,442,432,3
32,15116,11628,9119,797,0,21544,427,2,0,W,427,415,3,3,D,411,-16,462,408,3
33,99399,13014,2079,857,0,15950,574,4,7,D,551,428,3,0,W,428,-123,469,441,3
34,28828,19717,35585,1174,0,56476,427,1.5,0,W,427,388,3,3,D,384,-43,423,444,3
35,95305,18372,11919,1264,0,31555,389,1.5,0,W,389,386,2,3,D,382,-7,432,524,3
36,66824,7620,2419,1291,0,11330,353,2,0,W,353,345,2,3,D,341,-12,356,522,3
37,52180,8772,7910,1405,0,18087,465,2,2.5,W,462,448,2,8,D,413,-49,493,510,3
38,98937,19936,9897,1569,0,31402,430,4,6,D,415,465,3,0,W,465,50,600,435,3
39,28094,3339,12821,1613,0,17773,471,2,0,W,471,433,2,2,D,431,-40,482,537,3
40,52442,3130,171,1619,0,4920,429,3.5,7,D,406,351,2,0,W,351,-55,365,366,3
41,53926,4043,32052,1862,0,37957,572,2,9,D,521,450,1,0,W,450,-71,NA,NA,3
42,97064,15218,12469,1981,0,29668,473,2,2.5,W,470,479,2,7,D,456,-15,477,478,3
43,41936,11288,21615,2144,0,35047,504,3,6,D,489,367,3,0,D,367,-122,527,417,3
44,4007,16188,11947,2211,0,30346,430,2,0,W,430,411,4,1,D,410,-20,460,521,3
45,58258,7174,4853,2500,0,14527,524,4,0,D,524,476,4,0,D,476,-48,531,459,3
46,67773,6802,2804,2545,0,12151,384,2,0,W,384,377,2,3,D,373,-11,384,395,3
47,97935,61400,841,2713,0,64954,498,2,0,W,498,397,2,0,W,397,-101,457,455,3
48,45202,5637,7815,2731,0,16183,412,2,0,W,412,382,2,0,D,382,-30,377,393,3
49,50740,15821,15193,2757,0,33771,491,3,8,D,456,401,2,0,W,401,-55,480,404,3
50,77572,8440,3239,2950,0,14629,449,1.5,0,W,449,447,3,3,D,443,-6,461,471,3
51,58685,24133,6771,3309,0,34213,451,2,0,W,451,390,2,3,D,386,-65,429,432,3
52,93196,27382,3077,3379,0,33838,439,1.5,3.5,W,434,456,2,8,D,421,-13,474,493,3
53,51245,2784,10359,3480,0,16623,381,1.5,0,W,381,373,1,2,D,371,-10,379,362,3
54,90803,37348,33466,3963,0,74777,487,2.5,0,W,487,415,2,0,W,415,-72,481,462,3
55,15285,1513,4574,3970,0,10057,542,3,8,D,507,230,2,0,W,230,-277,465,423,3
56,47867,106,217,4023,0,4346,427,2,0,D,427,412,3,6,D,397,-30,422,435,3
57,62590,1853,210,4220,0,6283,427,2,0,W,427,421,2,0,D,421,-6,446,436,3
58,51110,3932,1408,4424,0,9764,370,1.5,0,W,370,387,2,0,D,387,17,371,366,3
59,68579,32314,21045,4504,0,57863,377,1.5,3.5,W,372,413,2,7,D,390,17,420,386,3
60,58904,13295,55027,4633,0,72955,429,1.5,0,W,429,415,2,0,D,415,-14,436,436,3
61,91988,26705,17480,5122,0,49307,381,2,0,W,381,376,3,3,D,372,-9,372,443,3
62,95724,16764,10366,5364,0,32494,431,2.5,0,W,431,370,1,0,W,370,-61,408,387,3
63,34337,16826,5455,5422,0,27703,440,3.5,4,D,434,414,3,7,D,391,-43,472,437,3
64,14811,432,190,5765,0,6387,518,3,2.5,D,515,423,3,7,D,400,-116,480,492,3
65,59004,11258,5278,5874,0,22410,592,4,6,D,577,566,5,9,D,515,-62,606,603,3
66,48513,42175,19074,6155,0,67404,461,2,0,W,461,402,2,5,D,392,-69,NA,NA,3
67,77361,21043,16071,6272,0,43386,437,2,0,W,437,435,2,3,D,431,-6,472,447,3
68,57310,1819,1157,6298,0,9274,360,4,2.5,D,357,338,4,6,D,323,-34,377,366,3
69,81890,6215,15434,9832,0,31481,387,1.5,0,W,387,366,1,0,D,366,-21,387,366,3
70,58910,7189,2116,10545,0,19850,346,1.5,0,W,346,362,2,1,D,361,15,373,350,3
71,50454,27420,5153,10705,0,43278,426,2,0,W,426,358,2,5,D,348,-78,469,434,3
72,62924,18633,97156,11581,0,127370,524,2,0,W,524,493,3,0,D,493,-31,483,455,3
73,60812,20084,15466,12234,0,47784,389,2,2.5,W,386,390,3,8,D,355,-31,412,422,3
74,48034,22594,15329,16120,0,54043,486,2,9,D,435,390,1,0,W,390,-45,467,453,3
75,96946,10266,4331,20961,0,35558,478,2,3,W,474,470,3,6,D,455,-20,562,441,3
76,63942,32500,18367,22604,0,73471,488,4,6,D,473,470,4,9,D,419,-54,497,510,3
77,59005,4800,5138,24347,0,34285,546,3.5,6,D,531,252,2,0,W,252,-279,487,514,3
78,28217,14976,31563,47136,0,93675,472,2,0,W,472,448,3,3,D,444,-28,456,437,3
79,67306,13140,0,17,2,13159,373,2,3.5,W,368,390,3,7,D,367,-2,396,417,3
80,51526,620,0,5,7,632,516,3,8,D,481,370,1,0,W,370,-111,566,457,3
81,52769,6,0,35,20,61,452,2,0,W,452,345,1,0,W,345,-107,398,373,3
82,34052,8447,0,11,23,8481,584,4,8,D,549,420,2,0,W,420,-129,642,528,3
83,77505,0,439,8,118,565,540,3,6,D,525,353,1,0,W,353,-172,465,463,3
84,13105,32686,0,13,355,33054,499,2.5,8,D,464,370,2,0,W,370,-94,537,378,3
85,60823,28481,0,70,392,28943,516,3,0,W,516,493,5,3,D,489,-27,537,434,3
86,15236,23708,0,21,415,24144,522,4,6,D,507,317,5,9,D,266,-241,495,439,3
87,29155,6100,0,8,547,6655,548,4,7,D,525,432,3,0,W,432,-93,501,371,3
88,50937,13174,973,0,611,14758,444,3.5,8,D,409,341,3,0,W,341,-68,409,430,3
89,60904,18312,0,23,792,19127,488,2,0,W,488,404,1,0,W,404,-84,461,426,3
90,32537,40296,1671,0,1786,43753,415,2,0,W,415,309,1,0,W,309,-106,470,464,3
91,90912,68500,0,96,2123,70719,592,4,7,D,569,477,3,0,W,477,-92,617,437,3
92,60388,14930,0,12,2846,17788,434,2,0,W,434,386,3,2,D,384,-50,479,483,3
93,50231,290,2,0,5152,5444,428,2,0,W,428,386,4,3,D,382,-46,466,380,3
94,67117,71777,806,0,5850,78433,510,3,7,D,487,416,3,0,D,416,-71,NA,NA,3
95,50453,122299,12341,0,6081,140721,451,2,9,D,400,449,3,7,D,426,25,519,424,3
96,45184,43431,5567,0,8628,57626,506,2.5,6,W,491,433,3,1,D,432,-59,508,535,3
97,50355,313103,57677,0,14483,385263,453,2,0,W,453,421,2,0,D,421,-32,432,503,3
1,31313,13595,3,0,0,13598,363,1.5,0,W,363,351,1,3,D,347,-16,354,341,2
2,45128,10703,7,0,0,10710,332,1.5,0,W,332,315,2,0,W,315,-17,306,318,2
3,18024,130787,25,0,0,130812,628,4.5,6,D,613,526,3,0,W,526,-87,666,579,2
4,95181,52168,65,0,0,52233,425,2,0,W,425,403,1,3,D,399,-26,425,396,2
5,51427,4525,84,0,0,4609,410,2,0,W,410,380,1,2,D,378,-32,399,502,2
6,33359,11994,706,0,0,12700,420,2,0,W,420,375,3,4,D,369,-51,NA,NA,2
7,48402,1313,1135,0,0,2448,538,3,7,W,515,423,2,0,W,423,-92,470,467,2
8,12688,3412,2406,0,0,5818,425,3,2.5,D,422,378,3,7,D,355,-68,488,497,2
9,50327,8641,2547,0,0,11188,347,1.5,0,W,347,307,1,0,D,307,-40,404,342,2
10,78409,124612,3519,0,0,128131,426,2,0,W,426,406,2,0,D,406,-20,454,449,2
11,31653,76607,3646,0,0,80253,536,4,6,D,521,307,2,0,W,307,-214,505,397,2
12,52864,30,3783,0,0,3813,451,2.5,0,W,451,380,2,0,W,380,-71,432,437,2
13,93489,4059,3912,0,0,7971,370,2,0,W,370,290,1,5,W,280,-90,429,441,2
14,93695,25090,4834,0,0,29924,431,2,4,W,425,419,2,8,D,384,-41,490,431,2
15,14783,3953,9339,0,0,13292,457,4.5,7,D,434,375,3,0,W,375,-59,461,330,2
16,86372,64944,13455,0,0,78399,470,3,0,D,470,442,3,5,D,432,-38,400,387,2
17,41575,39827,14458,0,0,54285,418,2,0,W,418,371,1,0,D,371,-47,NA,NA,2
18,36554,16022,17263,0,0,33285,524,4,7,D,501,387,2,0,W,387,-114,NA,NA,2
19,41885,11881,18382,0,0,30263,471,4.5,5,D,461,442,3,8,W,407,-54,493,437,2
20,28120,37741,19069,0,0,56810,415,1.5,0,W,415,416,2,6,D,401,-14,442,459,2
21,4552,27754,22312,0,0,50066,375,2,0,W,375,360,1,0,D,360,-15,462,455,2
22,17915,22252,29103,0,0,51355,380,2,0,W,380,388,3,4,D,382,2,416,334,2
23,81905,22073,29210,0,0,51283,466,3.5,7,D,443,381,2,0,W,381,-62,466,441,2
24,29497,24919,58390,0,0,83309,554,2.5,8,D,519,443,2,0,W,443,-76,540,394,2
25,40160,23126,63307,0,0,86433,380,2,0,W,380,387,2,0,D,387,7,424,526,2
26,20471,20617,77761,0,0,98378,404,1.5,0,W,404,410,2,2,D,408,4,535,520,2
27,52309,508,0,1,0,509,634,3.5,7,D,611,309,2,0,W,309,-302,584,487,2
28,28360,3480,0,1,0,3481,390,4,6,D,375,266,1,0,W,266,-109,366,493,2
29,55730,8063,0,1,0,8064,478,3.5,7,D,455,397,2,0,W,397,-58,416,388,2
30,28208,697,0,3,0,700,406,2,0,W,406,323,1,0,D,323,-83,399,459,2
31,95708,5365,0,4,0,5369,586,3.5,6,D,571,451,4,0,W,451,-120,635,428,2
32,60836,2988,0,5,0,2993,474,3,0,W,474,386,1,0,W,386,-88,529,467,2
33,55500,5047,0,5,0,5052,604,3.5,5,D,594,440,2,0,W,440,-154,629,442,2
34,15521,11370,0,5,0,11375,426,1.5,0,W,426,427,1,2,D,425,-1,422,513,2
35,55286,27903,0,5,0,27908,496,2,0,W,496,458,3,5,D,448,-48,NA,NA,2
36,81882,1572,0,14,0,1586,473,4,0,D,473,415,2,0,D,415,-58,520,416,2
37,15838,5475,0,14,0,5489,558,4,7,D,535,428,1,0,W,428,-107,468,454,2
38,4523,20994,0,16,0,21010,471,2,0,W,471,427,2,2,D,425,-46,427,444,2
39,2403,92060,0,18,0,92078,500,2,0,W,500,444,2,1,D,443,-57,432,436,2
40,18117,26010,0,24,0,26034,405,2,0,W,405,392,2,3,D,388,-17,NA,NA,2
41,17890,18911,0,25,0,18936,510,3.5,3,W,506,380,1,0,W,380,-126,416,413,2
42,15212,46901,0,25,0,46926,526,3,7,D,503,449,2,0,W,449,-54,577,432,2
43,74051,97922,0,41,0,97963,478,2,2.5,W,475,406,2,7,D,383,-93,487,424,2
44,52544,50086,0,102,0,50188,412,2,2,W,410,448,3,7,D,425,15,419,421,2
45,33946,85,0,131,0,216,388,2.5,0,W,388,356,3,3,D,352,-36,345,349,2
46,51006,3950,0,538,0,4488,422,2,3,W,418,413,2,7,D,390,-29,450,411,2
47,34159,10,0,9917,0,9927,327,1.5,0,W,327,315,2,1,D,314,-13,420,379,2
48,51981,7,0,10249,0,10256,470,3.5,0,D,470,452,4,4,D,446,-24,462,401,2
49,52146,98,0,11682,0,11780,570,4,8,D,535,572,5,9,D,521,-14,NA,NA,2
50,34614,8020,0,0,22,8042,379,2,0,W,379,372,2,3,D,368,-11,399,358,2
1,191,154743,0,0,0,154743,530,3,5,D,520,461,3,0,W,461,-59,570,531,1
2,63922,106475,0,0,0,106475,431,2,0,W,431,420,3,0,D,420,-11,487,497,1
3,35896,95871,0,0,0,95871,504,3,6,D,489,445,2,0,W,445,-44,462,438,1
4,48383,76419,0,0,0,76419,433,4,0,W,433,342,3,0,W,342,-91,417,388,1
5,15332,66267,0,0,0,66267,538,3.5,5,D,528,526,4,8,D,491,-37,569,560,1
6,50283,34397,0,0,0,34397,356,2,0,W,356,340,1,0,W,340,-16,365,355,1
7,40026,28661,0,0,0,28661,374,2,0,W,374,325,2,3,D,321,-53,368,383,1
8,15262,27271,0,0,0,27271,419,2.5,0,W,419,393,2,0,W,393,-26,479,442,1
9,52087,26109,0,0,0,26109,463,3.5,6,D,448,425,4,9,D,374,-74,475,308,1
10,61661,24719,0,0,0,24719,508,4,8,D,473,371,2,0,W,371,-102,372,448,1
11,48632,24699,0,0,0,24699,395,3,0,W,395,303,1,0,W,303,-92,346,303,1
12,39981,24059,0,0,0,24059,578,3.5,7,D,555,438,4,0,W,438,-117,NA,NA,1
13,50558,19546,0,0,0,19546,436,2,0,W,436,402,2,6,D,387,-49,407,378,1
14,72493,18995,0,0,0,18995,478,2,0,W,478,462,1,6,D,447,-31,495,479,1
15,55466,18842,0,0,0,18842,670,3.5,6,D,655,552,3,0,W,552,-103,NA,NA,1
16,27972,10923,0,0,0,10923,335,3,0,D,335,299,2,0,D,299,-36,488,479,1
17,15094,4979,0,0,0,4979,430,3.5,0,D,430,389,4,3,D,385,-45,NA,NA,1
18,62115,4276,0,0,0,4276,392,2,0,W,392,362,2,4,D,356,-36,377,323,1
19,60135,4115,0,0,0,4115,473,2,0,W,473,426,2,2,D,424,-49,483,476,1
20,52418,2334,0,0,0,2334,472,2.5,8,D,437,340,1,0,W,340,-97,408,528,1
21,34402,2319,0,0,0,2319,334,1.5,0,W,334,259,1,0,D,259,-75,339,345,1
22,34745,1406,0,0,0,1406,423,1,0,W,423,397,2,0,W,397,-26,399,432,1
23,31482,340,0,0,0,340,427,1.5,0,W,427,379,1,3,D,375,-52,391,410,1
24,33560,0,0,9820,0,9820,460,2.5,4,D,454,430,2,8,D,395,-59,413,433,1
